Barcode,UMAP-1,UMAP-2
AAACCCAAGGAGAGTA-1,-14.418017,-0.40249437
AAACGCTTCAGCCCAG-1,0.48690623,8.073259
AAAGAACAGACGACTG-1,9.5715275,2.332159
AAAGAACCAATGGCAG-1,9.833331,2.4239442
AAAGAACGTCTGCAAT-1,7.277278,-3.0573132
AAAGGATAGTAGACAT-1,1.6978124,9.666216
AAAGGATCACCGGCTA-1,0.006888649,8.933355
AAAGGATTCAGCTTGA-1,-13.317731,-2.663279
AAAGGATTCCGTTTCG-1,-14.229488,-2.4944956
AAAGGGCTCATGCCCT-1,4.3590126,-6.350935
AAAGGGCTCCGTAGGC-1,8.848076,-0.0014370005
AAAGGTACAACTGCTA-1,-11.094718,-2.0749571
AAAGTCCAGCGGGTTA-1,4.575352,-7.6274886
AAAGTCCAGTCAACAA-1,-3.223652,-0.5739404
AAAGTCCCACCAGCCA-1,1.9225019,8.901527
AAAGTGATCGTACACA-1,10.5443,4.8460016
AAATGGAAGCCGCTTG-1,-11.892459,-2.7567685
AAATGGACAATGCTCA-1,-11.978012,-2.3172357
AAATGGAGTACCGCGT-1,-9.293838,-4.415427
AAATGGATCCTATTTG-1,-0.9449268,7.4990535
AACAAAGGTGATGAAT-1,6.509314,-3.0233176
AACAACCAGTAGTCCT-1,-13.576472,2.1397264
AACAACCCACGCTATA-1,9.347049,0.6077518
AACAAGAGTTATAGAG-1,-9.659386,-2.152138
AACAGGGGTGGGAGAG-1,9.192442,0.48548198
AACCAACAGCTTGTTG-1,4.516304,-4.1492553
AACCCAACAACTGATC-1,10.268078,3.525347
AACCCAAGTGGGCTTC-1,1.488925,9.443009
AACCCAATCTTACCGC-1,10.8203,4.7299023
AACCTGACATCCTATT-1,-14.912387,-0.70552194
AACCTTTGTTTCGGCG-1,10.853882,4.4175377
AACGAAAAGGTTGGTG-1,-19.117886,-2.4855156
AACGAAACAATGTCTG-1,-4.3150773,-0.6455596
AACGAAACAGCGTTTA-1,-13.717269,1.6950519
AACGAAATCCATTTAC-1,4.8521504,-4.642123
AACGGGAGTCGCTCGA-1,-13.479605,-2.7111704
AACGTCAAGACGCCCT-1,-14.941555,-1.5362003
AAGAACAAGACCATTC-1,9.961935,0.6974106
AAGAACAAGCCTCAGC-1,-10.05356,-2.2567577
AAGAACATCTTGCAAG-1,5.914017,-4.726322
AAGACAACACTTCAGA-1,-12.985659,-2.0539525
AAGACAACAGATCACT-1,-11.7451935,-2.2974966
AAGACAACAGTAGATA-1,-5.4764776,-0.6519218
AAGACAATCCGCGAGT-1,3.9615057,-6.6924105
AAGACTCGTGACGTCC-1,-5.5863657,-0.2161726
AAGCATCAGGTCCGAA-1,3.8413408,-6.0076623
AAGCATCCAGTCTTCC-1,-11.29428,-2.2756586
AAGCGTTCACTGATTG-1,-11.897774,-3.009719
AAGCGTTTCGCTATTT-1,1.1097912,8.903901
AAGGTAAAGGAAGTAG-1,10.019225,0.52270615
AAGGTAAAGGCCACCT-1,6.8038816,-2.4107447
AAGGTAAGTCCTTAAG-1,6.358388,-4.8633924
AAGTACCAGCGCCTTG-1,5.3036,-5.945361
AAGTACCAGCTCCATA-1,3.8901546,-5.443252
AAGTACCCAAAGAACT-1,3.7846081,-5.706271
AAGTGAACATCAGCAT-1,9.78054,0.00772861
AAGTGAATCGGAAGGT-1,-13.776907,-2.934356
AAGTTCGAGGATACAT-1,5.994601,-6.340787
AAGTTCGGTCAACACT-1,-12.985775,-2.5346797
AATCACGAGGCTCTAT-1,-5.2467465,-0.26222575
AATCGACAGTATGTAG-1,-3.0886157,-0.7558473
AATCGACGTGAGACGT-1,-14.502093,-0.33730757
AATGAAGCAGTATGAA-1,4.8151674,-4.420312
AATGACCGTGTCATCA-1,-11.961333,-2.8260598
AATGGAACACTCATAG-1,2.2277524,9.2121315
AATGGAATCTGATGGT-1,-14.214343,-1.355828
AATGGCTAGGACGGAG-1,-3.391911,-0.50062597
AATTCCTTCCATTGGA-1,-10.726701,-2.1049452
ACAAAGAAGCCTCAAT-1,-14.0547905,-1.5701649
ACAAAGAGTTCCATTT-1,7.719292,-1.9393535
ACAACCATCTATCCAT-1,3.5456743,-4.812981
ACAACCATCTGCCCTA-1,5.8026085,-3.770009
ACAAGCTGTAGGTCAG-1,6.756135,-2.3858094
ACACCAAAGAGTCAGC-1,5.9534364,-5.8595786
ACACGCGGTGTTGCCG-1,-11.751305,-1.5932004
ACACGCGTCACCTCGT-1,10.843325,4.808634
ACACGCGTCGCCGTGA-1,-14.632177,0.20353186
ACACTGATCACTGATG-1,-13.46233,-0.32613534
ACACTGATCTTTCCGG-1,6.370888,-2.844197
ACAGAAAAGTATTAGG-1,-12.642244,-1.2459357
ACAGAAACACCAGCGT-1,-14.531527,0.1512836
ACAGCCGTCGCTGTTC-1,-0.94811267,8.787097
ACATCCCCACAAATGA-1,5.3114305,-4.4040685
ACATCCCGTAAGATTG-1,-13.628086,-1.081807
ACATCGATCTAAGAAG-1,10.36164,4.9400434
ACATCGATCTGAGAGG-1,9.147439,1.9971236
ACATCGATCTTGGGCG-1,-14.434678,-0.22035186
ACATGCAGTTGCTTGA-1,-14.948808,1.3723208
ACATTTCGTGCCGAAA-1,4.748782,-6.807352
ACATTTCGTTTCTTAC-1,0.8367757,7.530964
ACCACAAAGGCCTTGC-1,-14.096442,-1.1654913
ACCACAAAGGTTAGTA-1,-4.8252096,-0.7293865
ACCACAAGTCTGTGGC-1,-0.49325663,7.6157413
ACCATTTCATTGGGAG-1,6.9889455,-3.0759196
ACCCAAAAGCCACAAG-1,-5.5237374,-0.33830455
ACCCAAAGTTGGGAAC-1,-10.065305,-4.1888175
ACCCTTGGTATCGTAC-1,5.839459,-2.8852153
ACCCTTGTCATTTCGT-1,9.154905,-0.15682566
ACCTACCCAACGGTAG-1,9.210594,0.38791966
ACCTGAACATGAGAAT-1,5.5641775,-4.4589767
ACCTGTCTCAAGTCTG-1,5.912428,-6.106435
ACCTGTCTCTCAACGA-1,-9.353873,-2.055048
ACGATCAGTCGTTCAA-1,8.784324,0.041296273
ACGATCATCCACGGAC-1,9.860127,0.70980126
ACGATCATCCGTTGGG-1,5.460824,-5.951866
ACGCACGAGAGAGTGA-1,9.464984,2.3951886
ACGGTCGTCACTACGA-1,6.9245453,-4.7311788
ACGGTTAAGTGCTCAT-1,0.8312181,8.978402
ACGTAACAGGTGCTTT-1,4.4953947,-4.388816
ACGTAACTCATATGGC-1,-0.3172925,7.3574347
ACGTAACTCTTCGATT-1,-12.776648,-0.629236
ACGTACAAGCTGTTCA-1,9.422547,0.4391173
ACGTACACAAAGCTCT-1,-11.67964,-2.7192705
ACGTACACAGACGATG-1,10.391282,4.3850045
ACGTAGTCACGCCACA-1,-0.18430226,8.275706
ACGTAGTCATTAGGAA-1,10.028634,0.6983713
ACGTTCCGTGGGTCAA-1,-14.141941,1.7529726
ACTATCTGTGTGTACT-1,10.003688,4.377555
ACTATGGAGAAATCCA-1,2.301218,9.163901
ACTCCCAAGGTTGGTG-1,9.804862,3.977125
ACTCCCATCGTCCTCA-1,4.6059594,-4.7722054
ACTGATGAGCAGCGAT-1,0.61935127,9.133099
ACTGATGCACCAGCCA-1,-0.63103175,7.889802
ACTGTGACAACTCGAT-1,5.152444,-6.0545354
ACTTATCTCTAAGGAA-1,-11.636607,-3.1869917
ACTTCGCAGAACCGCA-1,4.588137,-3.8865545
ACTTCGCGTACTCCGG-1,-0.039895985,7.978458
ACTTTCAAGTATGACA-1,9.526004,2.2632828
ACTTTCACAAGCGAAC-1,-2.8112648,-0.4112766
ACTTTCAGTACGCGTC-1,6.8168545,-4.332039
AGAAATGTCATTCGTT-1,-3.9003167,-0.3470766
AGAAGCGGTCTAGATC-1,7.6978226,-2.9805348
AGAAGCGTCTGCGTCT-1,7.370554,-3.1947591
AGACAAAGTAGCTTGT-1,-13.049533,-2.6193502
AGACACTCAAGTCGTT-1,6.4230213,-4.5551453
AGACCATCATTACTCT-1,3.5782425,-5.2812138
AGACTCATCAACGCTA-1,5.243307,-3.5967925
AGACTCATCAGAGCGA-1,-15.217174,0.35418797
AGAGAATAGAGGGTCT-1,9.422001,2.101142
AGAGAATCACCCAACG-1,4.344339,-5.92469
AGAGAGCAGTTGTCGT-1,-0.43453267,8.5085745
AGAGCAGGTCATAAAG-1,-14.329852,1.6677161
AGAGCAGGTTGAGTCT-1,4.551694,-6.2946186
AGAGCAGTCGCGCTGA-1,8.99105,1.2726945
AGAGCCCGTCACTCGG-1,6.318171,-5.8138165
AGATAGAGTGACACGA-1,-14.215729,0.74723387
AGATCGTCAGGACTTT-1,9.526636,0.46284595
AGATGAACAGGCACAA-1,7.664058,-1.8437325
AGATGCTGTACGGTTT-1,-14.493548,1.5287249
AGATGCTGTGTGGTCC-1,4.5131707,-7.538021
AGCATCAGTCGGTGTC-1,-12.547278,-2.7438781
AGCATCAGTGGTCCGT-1,5.4820924,-6.6970277
AGCCAATAGTCCCTAA-1,7.1078644,-2.6444235
AGCCACGCAGGTTCGC-1,4.6988025,-5.8958354
AGCCACGGTTCCGCGA-1,-13.053824,-1.6593188
AGCCACGTCCGAGAAG-1,9.776984,2.1865573
AGCCAGCGTAATGCGG-1,5.642213,-5.9882393
AGCCAGCGTAGTTAGA-1,-10.173206,-9.534565
AGCGTATCATATGCGT-1,-5.6502976,-0.1576924
AGCGTATTCAGTGGGA-1,-1.0221057,7.877143
AGCGTCGCATTGACCA-1,6.0982513,-6.475272
AGCGTCGTCCTTATCA-1,-5.964684,-0.50416833
AGCTACACAGTCGGAA-1,7.752258,-3.4754953
AGCTACAGTCGTTTCC-1,9.357233,0.6468491
AGGAAATTCACCATGA-1,-9.998653,-2.2071333
AGGAATACAAACTCGT-1,5.5370526,-6.2372265
AGGAATATCATTACGG-1,5.0060782,-5.2772083
AGGACGAAGACCTTTG-1,10.267155,4.784645
AGGACGAAGATTAGTG-1,6.83745,-4.429859
AGGACGATCACTGATG-1,5.774926,-5.285907
AGGACGATCCAGTACA-1,8.803021,1.1796365
AGGACTTTCCTACCAC-1,10.06834,2.9909556
AGGAGGTAGGTCACAG-1,-4.522119,-0.6294246
AGGATAAAGAACAAGG-1,4.7080464,-7.184925
AGGCCACAGGGCCAAT-1,5.6326623,-4.8223634
AGGCTGCAGGGCTTCC-1,0.88838696,8.398009
AGGCTGCGTGTGTGTT-1,-0.13889578,8.976588
AGGGAGTCACCATTCC-1,-5.5645013,-0.53326046
AGGGAGTGTGTCGCTG-1,4.6696153,-7.578619
AGGGCTCCAATACGCT-1,-14.674314,1.343572
AGGGTCCCAGGACATG-1,-13.988567,0.40394834
AGGGTCCCAGTAGTTC-1,9.66813,2.8411806
AGGGTTTCAGCGTGCT-1,-14.16713,-1.9281857
AGGTAGGAGGAAGTAG-1,0.10151845,8.126876
AGGTAGGCAAAGCGTG-1,-14.737601,-2.323424
AGGTCATTCAAGTCGT-1,-13.676492,2.0406134
AGGTGTTCATTAAGCC-1,-13.133494,-1.734113
AGGTGTTGTCGATTAC-1,5.3333945,-3.5133965
AGGTGTTTCAATGCAC-1,3.6829145,-5.903793
AGGTGTTTCGTTACCC-1,-14.115268,1.8360066
AGGTTACAGGTGCGAT-1,5.7373266,-5.7896566
AGGTTACGTCTGATAC-1,-8.677433,-1.8985677
AGTAACCCAAGCTCTA-1,-13.651769,0.057743326
AGTAACCTCGTTGTAG-1,4.8536363,-6.6447234
AGTACCAGTGGGTCAA-1,-15.043642,-0.8357569
AGTACCATCAGCTTGA-1,10.072461,4.4713573
AGTAGCTAGGAGTACC-1,-0.014451183,8.760879
AGTAGCTCACTGCTTC-1,-2.5730624,-0.47216037
AGTAGCTCAGGCACTC-1,-14.203886,1.3584988
AGTAGCTGTTAGAAAC-1,-13.901011,-1.3869238
AGTAGTCGTATGACAA-1,6.320983,-4.0568585
AGTCAACAGTCATGCT-1,-13.454713,-1.8875319
AGTCAACGTACACGCC-1,-10.180541,-9.543007
AGTCACATCTCCCATG-1,5.114352,-4.968862
AGTCTCCCAACCGTGC-1,1.2860451,9.687901
AGTCTCCGTGAGTCAG-1,9.666334,1.6443152
AGTGCCGCATCTGGGC-1,9.515427,0.79031163
AGTTAGCAGTCAGGGT-1,9.895164,-0.043016773
AGTTAGCGTACCATAC-1,0.44934374,7.7463865
AGTTAGCGTTCATCGA-1,9.433195,0.7623614
AGTTCCCCAAACAGGC-1,9.65571,3.5315073
AGTTCCCGTTACACTG-1,3.7046638,-6.0912957
AGTTCGAGTATGCGTT-1,-0.2565614,7.7128778
ATACCGACACACGGTC-1,6.357558,-3.0289536
ATACTTCGTACGACTT-1,-14.378182,-1.9607965
ATACTTCGTTCGGTAT-1,5.6763554,-6.5838833
ATACTTCTCAGCTGAT-1,6.183594,-4.1436577
ATACTTCTCGCCGTGA-1,0.03741199,7.9351044
ATAGACCTCCGCTTAC-1,10.413985,3.7559419
ATAGGCTGTGTTACAC-1,-13.749096,-0.45919877
ATATCCTGTATGAGCG-1,0.20348963,8.85945
ATCACAGAGACGTCCC-1,-13.694178,-2.1291246
ATCACAGCATGACGTT-1,-14.281226,-1.171709
ATCACGATCCGCAACG-1,9.806904,2.556479
ATCACTTGTGGCTGCT-1,-13.891837,-1.4435368
ATCCACCCAGCAGTGA-1,9.966512,4.256121
ATCCACCCATGTCTAG-1,10.31864,4.3685737
ATCCACCGTTTGTTGG-1,-13.168124,-2.3564725
ATCCATTAGACGCAGT-1,-0.9206915,8.394431
ATCCCTGCAATTTCTC-1,9.7669935,0.66571116
ATCCGTCCAACTCCCT-1,-0.562432,7.3097243
ATCCTATGTCTGTGCG-1,-0.60169244,9.275799
ATCGATGCAACGGCTC-1,-0.67630744,8.698037
ATCGATGGTCAATCTG-1,9.820905,3.9364083
ATCGGATAGGAAAGGT-1,7.8257537,-2.940021
ATCGGCGAGTCCTACA-1,-1.9321482,-0.35764265
ATCGTAGCATCGGAGA-1,-13.52127,1.267356
ATCGTCCAGCCTGAAG-1,-10.670814,-2.2070975
ATCGTCCGTATGAGGC-1,-14.454772,-1.8919715
ATCGTCCTCGGAGCAA-1,-8.546167,-1.9958231
ATCGTGAAGCAGATAT-1,-14.506597,0.16427544
ATCTCTACAAGAAACT-1,-13.4627495,-2.8778644
ATCTCTAGTCGTGGTC-1,3.945783,-4.064931
ATCTTCAAGAAGAGCA-1,-13.448388,1.6922681
ATCTTCACATACTGAC-1,-14.538508,1.0673367
ATCTTCAGTCTCTCCA-1,-14.494147,0.84661657
ATCTTCATCTCATAGG-1,9.782146,0.6333434
ATGAAAGTCCTTATGT-1,5.7535496,-4.371371
ATGACCAAGGCTAACG-1,-12.626756,-2.4069278
ATGACCACAATATCCG-1,7.4447966,-2.4119425
ATGAGTCTCCAGTTCC-1,1.0795349,7.8899417
ATGATCGGTCGAACAG-1,0.76246077,8.84417
ATGCGATGTGCTCTTC-1,0.5706128,8.67962
ATGCGATGTTGTAGCT-1,4.483168,-4.04756
ATGGAGGGTGTTTACG-1,-3.223867,-0.8302001
ATGGATCGTAGATTGA-1,2.2789302,9.328742
ATGGATCTCGACCTAA-1,5.9304757,-4.63807
ATGGGAGAGACGTCCC-1,6.237642,-5.479818
ATGGGAGCACTCCGGA-1,-12.205506,-1.7254581
ATGGGAGTCCACTGAA-1,-12.799932,-1.2444496
ATGGGAGTCCCATACC-1,-3.048516,-0.79168224
ATGGTTGTCACGGAGA-1,-14.551356,-1.3424573
ATGTCCCCAGGAATCG-1,-0.45598304,8.876646
ATGTCCCCATAGGTTC-1,0.9978649,9.005914
ATGTCCCGTCCTACGG-1,-15.342101,-0.37518883
ATGTCTTAGATGGCGT-1,-5.8899965,-0.53688604
ATTACTCCAGCTTTGA-1,6.32349,-4.721784
ATTACTCGTTGCAACT-1,1.5824069,9.742856
ATTCACTAGAAGGCTC-1,9.119118,-0.3003907
ATTCACTTCTCCGCAT-1,10.242758,4.6686215
ATTCAGGCAAGTATCC-1,-14.752156,1.3538489
ATTCAGGCATAGCTGT-1,-13.935917,-2.7580433
ATTCAGGTCTTCGTGC-1,8.389786,-0.8441429
ATTCCATCACGACTAT-1,-2.817411,-0.70180553
ATTCCCGAGTCACTCA-1,4.7412224,-4.9665594
ATTCCTACATGAGATA-1,-14.111294,-1.2180086
ATTCGTTCAGTCTTCC-1,6.2438283,-2.6471455
ATTCGTTGTAACACCT-1,6.0818872,-6.134545
ATTCGTTGTGTAGCAG-1,-9.14549,-4.148528
ATTCGTTGTGTTCAGT-1,7.510505,-4.06113
ATTCGTTGTTCTTGTT-1,-15.022525,0.6392163
ATTCTACTCTCGTGAA-1,5.187067,-6.094276
ATTCTTGAGTTCCAGT-1,-2.6726146,-0.50466746
ATTCTTGGTACAATAG-1,9.670981,0.15144634
ATTTCACAGTGCAAAT-1,-11.303625,-1.8471334
ATTTCACGTGGATACG-1,-14.099327,-2.5807562
ATTTCTGCAAGGTCTT-1,-14.438581,-2.468571
ATTTCTGGTATCCTCC-1,0.95091754,7.93246
ATTTCTGTCGATGCAT-1,-15.023493,0.7200397
ATTTCTGTCGGCCAAC-1,6.9550314,-3.8246875
CAAAGAACACATATCG-1,4.862009,-3.7796457
CAAAGAACAGCTGTTA-1,9.873304,0.24612802
CAAAGAAGTTCTCCCA-1,-15.025323,0.42720863
CAACAACTCGATACTG-1,9.355924,0.97925454
CAACAGTCATCCGTTC-1,3.6654787,-5.199678
CAACAGTTCGAGCACC-1,4.44605,-6.8743124
CAACCAAGTTAGAAAC-1,-13.673588,1.4244628
CAACCAATCCGCTTAC-1,-5.8174067,-0.24831448
CAACCTCGTATCGGTT-1,5.395497,-3.4164393
CAACGATAGACGGAAA-1,-13.382581,-2.5088482
CAACGATAGCCTAGGA-1,-13.320172,-2.0100057
CAACGATCAAAGCACG-1,5.3531647,-3.1687872
CAACGATTCAAGCCCG-1,-14.101177,-1.4622421
CAAGACTAGTGGAAAG-1,8.765242,0.13054977
CAAGACTTCAATCGGT-1,-14.8985195,-2.092029
CAAGAGGTCTTCACGC-1,-12.245713,-2.4021509
CAAGCTAGTGGCTGCT-1,-10.8848505,-2.3947945
CAAGCTATCCAAGGGA-1,-5.480585,-0.54411554
CAAGGGAAGAGTCGAC-1,7.155815,-2.288129
CAATACGAGGCAGCTA-1,-2.2825398,-0.41862357
CAATACGTCTCGACCT-1,-5.6172056,-0.70894223
CAATCGAAGAGGATCC-1,7.8124104,-2.329674
CAATCGATCCGTACGG-1,6.4533057,-3.6280413
CAATGACTCAAGCCCG-1,6.8261504,-5.0566998
CAATTTCAGATTGCGG-1,-0.50943583,9.146772
CACACAACAAGAAACT-1,4.0461383,-6.198468
CACACAACACGAGGAT-1,-13.331615,-0.008091753
CACAGATCACTCCGAG-1,-11.039441,-2.0098062
CACAGATCATCATGAC-1,-14.5660305,0.6377593
CACAGATGTTCCGTTC-1,-8.3584795,-2.0879457
CACAGGCCAACGATCT-1,-14.307184,0.3028762
CACATGAGTTTCGACA-1,5.668186,-3.6899655
CACCAAAAGGACATCG-1,-12.804609,-2.4572835
CACCGTTCACCCTAGG-1,4.368494,-5.5007114
CACGAATCACATAGCT-1,5.932464,-3.435928
CACGAATTCAAGTCGT-1,7.152745,-2.7735763
CACGGGTAGCATTTGC-1,-13.582848,-2.816748
CACGGGTTCCCGATCT-1,0.49827224,9.052058
CACGTTCCAGCTTCCT-1,-13.194385,-2.3143544
CACGTTCTCTATCACT-1,7.200833,-2.1593795
CACTAAGGTGATAGTA-1,6.940763,-2.8172026
CACTGAAGTCTTTCTA-1,0.41230088,7.5132594
CACTGAATCCTGATAG-1,-10.241962,-4.178238
CACTGGGAGGCGACAT-1,-13.136259,-1.911151
CACTGGGAGTTACTCG-1,-15.008673,0.9948745
CACTGGGGTCGCACAC-1,-9.87866,-2.2395432
CACTGTCCACATATGC-1,0.9424488,7.8365026
CACTTCGTCACCTACC-1,-14.139085,-1.9578876
CAGAGCCGTGCCCGTA-1,6.2090387,-5.7994576
CAGATACTCGTTCCCA-1,5.210987,-3.5541666
CAGATTGAGAACGTGC-1,5.6221433,-5.1425204
CAGATTGAGCTGAGCA-1,7.0952864,-4.609223
CAGATTGGTGACTAAA-1,1.5132036,9.676851
CAGCAATGTATCGTTG-1,-9.224367,-2.0326557
CAGCAGCTCAGAGTTC-1,9.431504,1.9107771
CAGCCAGGTGGGTTGA-1,-9.541011,-2.1215727
CAGCGTGTCCATCACC-1,-0.040646598,9.225476
CAGGCCAGTTCAATCG-1,6.9240065,-2.8890533
CAGGCCATCACTCACC-1,-1.8959547,-0.30623522
CAGGCCATCCACTAGA-1,-14.45811,-0.8325565
CAGGGCTAGATTGGGC-1,9.3709955,1.7734178
CAGGGCTTCGACGAGA-1,-9.195521,-4.182052
CAGGTATGTCAGTCTA-1,-10.093204,-4.1132116
CAGGTATGTGTAAATG-1,-0.44044337,9.0783415
CAGTTCCCAATCGTCA-1,10.083994,0.10944979
CATAAGCGTAGCGCTC-1,4.226549,-5.509608
CATAAGCTCCGTGTGG-1,-13.309768,-1.7924489
CATACTTTCAACGAGG-1,5.8172035,-3.2985048
CATAGACCATCTCAAG-1,-5.5578704,-0.09795801
CATAGACGTACCTTCC-1,-3.1412234,-0.5392333
CATCAAGAGCGCCGTT-1,-8.401053,-1.8390718
CATCAAGGTATGGTTC-1,0.47874424,8.329967
CATCAAGGTCTAACTG-1,-0.89175457,7.2388797
CATCAAGGTTGTCCCT-1,0.24601685,7.306656
CATCCGTGTATCGCTA-1,5.346029,-6.2695236
CATCGCTTCTTTGCAT-1,-4.9501147,-0.6490054
CATCGGGTCGCTACAA-1,0.6632548,8.922492
CATCGTCTCCGTTGAA-1,8.90417,1.4825237
CATGAGTCACCATTCC-1,9.522172,2.4351802
CATGCCTCAATTGCTG-1,0.46985206,7.880208
CATGCCTCAGGCTATT-1,-13.645172,0.5750022
CATGCCTGTTCCGCAG-1,-14.555268,-1.1830232
CATGCTCGTCTCTCAC-1,-3.3527443,0.020804195
CATTCTAGTAGCTTGT-1,9.133178,-0.1687249
CATTCTATCAGTAGGG-1,-13.934808,-1.3101847
CATTGAGAGGGACCAT-1,-11.409225,-2.5097735
CATTTCATCTCTCTTC-1,-14.268502,-2.2868676
CCAAGCGAGCTAATCC-1,3.2857065,-5.229756
CCAAGCGAGGTTCATC-1,-14.829541,0.85324293
CCAATGAAGGTCACTT-1,-0.61003035,8.781638
CCAATTTCAAAGGCTG-1,8.710565,-0.119661786
CCAATTTCATTCGATG-1,9.891794,3.1277797
CCACACTCAGGACTTT-1,-8.446264,-2.0279903
CCACCATAGGTCATCT-1,9.532265,1.0561341
CCACGAGGTAATCAAG-1,-3.0768218,-0.56376064
CCACGAGTCTTCCTAA-1,-12.894471,-1.7915648
CCACGTTTCATCAGTG-1,1.1941245,8.566678
CCACGTTTCGTGAGAG-1,7.0875974,-4.245425
CCACGTTTCTGCTGAA-1,1.3012246,8.906816
CCACTTGCAGCTATTG-1,9.943273,0.6612165
CCACTTGTCGCAGAGA-1,-8.54646,-2.0427876
CCATAAGGTGAGGAAA-1,-14.074941,-1.8624376
CCATCACAGTGGTGAC-1,-5.7742796,-0.39212006
CCATCACCATTAAAGG-1,1.3673301,8.732433
CCATCACTCTAACACG-1,-14.840041,0.2518156
CCCGGAATCAAACCCA-1,3.3014183,-5.0181518
CCCTAACCAGGTTCGC-1,4.1643496,-4.982309
CCCTAACGTAACTGCT-1,-10.22328,-2.1861048
CCCTTAGGTTTCCAAG-1,5.214386,-3.4995146
CCGAACGAGCTAAGTA-1,5.271893,-4.919241
CCGAACGAGGAACGCT-1,-10.663411,-2.6204383
CCGATCTGTGGAGGTT-1,-15.024292,-0.6108269
CCGATGGGTTCTCGCT-1,-10.177973,-4.123539
CCGATGGTCACCTCTG-1,-13.773531,1.86341
CCGATGGTCTGTCGCT-1,1.900376,9.490743
CCGCAAGCATTCAGGT-1,3.8972085,-5.533011
CCGCAAGGTACCAGAG-1,4.4863224,-4.0104113
CCGGACAGTGATACCT-1,-10.545486,-2.1685328
CCGGGTACACTCCGAG-1,-11.944919,-2.722655
CCGGGTACATACCAGT-1,-2.882928,-0.6131297
CCGGTAGGTAGTACGG-1,10.267951,4.4986377
CCGTAGGGTTCCCACT-1,10.654621,4.929228
CCGTAGGTCATACAGC-1,-0.35704023,7.5931883
CCGTGAGAGAGGTCAC-1,9.768441,3.336398
CCGTGAGTCGCCTTTG-1,-0.7663802,7.35697
CCGTTCACAGAAGCTG-1,-1.7016912,-0.4324628
CCTAAGAAGACTCTAC-1,6.277091,-2.1517894
CCTATCGAGACAGCGT-1,-14.829975,-1.9313729
CCTCAACTCTTAGCCC-1,3.5257318,-4.9051065
CCTCAGTAGCAAGGAA-1,-13.333435,2.2239723
CCTCAGTCATGATGCT-1,3.727805,-5.342088
CCTCAGTTCCGAGCTG-1,0.49459112,7.6506195
CCTCATGCACTATGTG-1,10.2627535,4.519027
CCTCATGGTTTCGCTC-1,4.2935667,-4.3729935
CCTCATGTCTCTCAAT-1,-14.538925,-0.2896608
CCTCCAAAGGCCCGTT-1,-13.060027,-2.9209921
CCTCCAACAACCCTCT-1,10.163564,3.33027
CCTCCAACACAATGAA-1,0.23619209,7.6560764
CCTCCTCAGTCCCGAC-1,1.1112674,8.047732
CCTCCTCCATTCAGGT-1,4.5444074,-4.2583084
CCTCCTCTCAAGCGTT-1,3.6069639,-5.3023543
CCTCTAGCAGACCTAT-1,-12.29584,-1.9638404
CCTCTCCGTGTGCTTA-1,-4.84996,-0.52769494
CCTCTCCTCGTTCCTG-1,-13.718661,-1.4803926
CCTGCATAGTGGTGAC-1,-10.262026,-4.109527
CCTGCATCAACGGGTA-1,3.3634872,-5.26484
CCTGCATGTTCTTAGG-1,6.3050175,-2.7294655
CCTGTTGGTGTGCCTG-1,-15.300994,-1.322269
CCTGTTGTCAAGAGTA-1,-0.43363497,8.609695
CCTTCAGAGGAACGTC-1,-19.05276,-2.4191601
CCTTCAGCACAGAGCA-1,2.211613,9.265285
CGAAGGATCGACGCGT-1,6.876465,-3.770286
CGAATTGGTCTGTTAG-1,5.5790315,-6.5948176
CGAGAAGTCAAGTTGC-1,-9.382681,-4.352289
CGAGAAGTCCAATGCA-1,-10.594697,-3.817637
CGAGGAAAGTCGCGAA-1,4.7008758,-7.6627064
CGAGGAACACTGATTG-1,0.007558589,9.037128
CGAGGAAGTCCTGGGT-1,-5.40061,-0.08955954
CGAGGCTCAGATCACT-1,-0.2577121,8.187919
CGAGGCTCAGCATGCC-1,-14.011041,-0.7753613
CGAGTGCGTTCCGCGA-1,7.8120465,-3.1822546
CGAGTTAGTCGAGTTT-1,-14.266386,0.12607226
CGATCGGCAATTGGTC-1,-14.651809,0.16487488
CGATCGGCAGCGTGAA-1,4.871923,-7.577273
CGATGCGAGCAGAAAG-1,4.4649744,-6.818595
CGATGCGTCGAACCAT-1,0.0691415,9.219621
CGATGGCCACTCGATA-1,7.4064155,-2.9948094
CGATGGCGTAGCGTCC-1,6.6929746,-2.7715125
CGCAGGTGTGCTTCAA-1,0.24798447,8.1028
CGCATAAAGTGATGGC-1,-11.1663475,-2.1270068
CGCATGGAGGCCACTC-1,-6.379719,-0.79083896
CGCGTGAGTACAATAG-1,-0.1637073,7.90986
CGGAACCGTATCACGT-1,-14.948887,0.18957631
CGGAACCGTTTGCAGT-1,1.6714374,9.5210085
CGGACACAGGACAGCT-1,-14.533914,-1.7287167
CGGGACTGTTTCACTT-1,10.023932,3.9649734
CGGGTGTTCCGTGACG-1,-14.638292,-1.1877104
CGTAAGTGTGATAGTA-1,7.7022557,-3.8254848
CGTAGTATCAGCCCAG-1,9.522969,1.7212492
CGTCAAACAGAATGTA-1,10.138049,4.0994945
CGTCCATGTTTGGAAA-1,4.1868515,-6.9530663
CGTGAATAGTCGGCCT-1,5.9966807,-4.1607227
CGTGATATCTGGTGGC-1,-3.222965,-0.6998419
CGTGCTTAGCTTTGTG-1,-14.9004755,0.26514134
CGTGCTTCAAGCGCTC-1,-12.72256,-2.3950887
CGTGCTTGTTTAGACC-1,7.7908893,-3.2461317
CGTGTCTCACAGTACT-1,7.642549,-2.781365
CGTGTCTCATGGGTTT-1,5.8674464,-4.954801
CGTGTCTGTCAGTTTG-1,-11.3251,-1.7463775
CGTTAGATCAGCCTCT-1,-8.672973,-1.8594563
CGTTAGATCATTATCC-1,-13.418848,-1.8475312
CGTTAGATCCAAGAGG-1,-13.736532,1.6050705
CGTTCTGTCAGCGCAC-1,5.253807,-5.166871
CGTTCTGTCCCGAACG-1,10.776305,4.7940125
CTAACCCAGCCGCTTG-1,3.482132,-5.698425
CTAACCCCACTTCAAG-1,6.40226,-2.622255
CTAACTTAGCCTCACG-1,-2.832327,-0.9333467
CTAAGTGCACAATGCT-1,1.7435672,9.754928
CTAAGTGGTCCACTCT-1,9.7513,-0.13388522
CTACAGACAACAAAGT-1,-9.20256,-4.140359
CTACAGACAGGAATAT-1,-3.0893872,-0.62075543
CTACAGATCAGGAGAC-1,-2.0950813,-0.47386783
CTACCTGCAACGGGTA-1,-5.4902906,-0.718348
CTACCTGTCTCGAACA-1,-14.369401,-0.2642
CTACGGGTCACCATAG-1,-5.4189835,-0.63655484
CTACGGGTCGTTCAGA-1,9.152241,1.2341952
CTAGACAGTCGTGGTC-1,-8.330952,-1.7791028
CTAGACAGTCTAACTG-1,-11.205702,-2.160281
CTAGGTATCTAACGCA-1,-0.72722566,8.214077
CTATCCGAGCTGTTAC-1,5.735654,-5.718436
CTCAACCGTGGATGAC-1,2.1771479,9.224281
CTCAACCGTGTGTCGC-1,-0.43881336,9.273793
CTCAAGAAGATTACCC-1,5.518733,-3.277054
CTCAAGACATCCTGTC-1,-3.9034524,-0.40747276
CTCAAGAGTCAAAGAT-1,9.939843,4.578578
CTCAATTTCGGAAGGT-1,-14.542355,-1.6401886
CTCACTGCACCTTCCA-1,3.7416916,-5.7049417
CTCAGAACAATTGTGC-1,-3.3044634,0.03952499
CTCAGGGGTCATCGCG-1,-14.840518,1.3078046
CTCAGGGTCTCACCCA-1,-8.325133,-2.085707
CTCAGTCAGGGACAGG-1,10.853721,4.78267
CTCATCGAGAGGCGTT-1,5.5241623,-6.050197
CTCATCGTCGTACCTC-1,0.2647536,8.460119
CTCATTAAGGAAGTGA-1,-14.432644,-0.1594499
CTCATTATCGTACACA-1,-10.13313,-4.1433306
CTCCAACCAATCTCTT-1,9.990524,0.20970954
CTCCAACGTAGTGTGG-1,7.385873,-3.0573707
CTCCATGAGACAGCTG-1,0.482272,7.9843116
CTCCATGGTGTTGACT-1,-14.274696,1.7187647
CTCCATGTCATCGTAG-1,5.8148603,-6.4278603
CTCCATGTCGTCGATA-1,-14.376076,-2.3945558
CTCCCAATCAATCAGC-1,10.042031,4.677164
CTCCCTCAGCGCGTTC-1,-19.099644,-2.5117884
CTCCCTCCACCGGAAA-1,-13.893268,-2.119678
CTCCCTCGTTTACGAC-1,-1.6760498,-0.23294836
CTCCCTCTCATCGCTC-1,-1.7593186,-0.29138762
CTCCGATTCCTTTAGT-1,9.603847,-0.052560136
CTCCGATTCTTTCTAG-1,3.4744182,-4.8221436
CTCCTCCTCACCTCTG-1,3.5601292,-5.311694
CTCCTTTAGATGCTGG-1,-10.689015,-2.3255217
CTCCTTTTCTACACTT-1,3.3681104,-5.033589
CTCGAGGAGCCTATTG-1,-0.8702295,7.547134
CTCGAGGAGGAAAGGT-1,9.072213,0.28886598
CTCTCAGGTTAAGCAA-1,4.0332146,-6.3993945
CTCTCGATCCATAGGT-1,-0.45139864,7.836585
CTCTGGTAGTAGGATT-1,-13.925467,-0.048807893
CTGAATGAGCTCTATG-1,-15.290357,0.6368092
CTGAATGAGGCGAACT-1,4.427676,-7.6102085
CTGAGGCGTTCAGCGC-1,-0.6957509,9.08571
CTGATCCGTCGCGTCA-1,7.8078346,-3.4323387
CTGATCCTCCCTCTAG-1,9.467132,-0.15501574
CTGATCCTCTCTCCGA-1,-19.275797,-2.6353247
CTGCAGGAGCCATTGT-1,5.902095,-4.869538
CTGCATCAGCGTCAAG-1,-13.419784,1.8394172
CTGCATCGTAAGCTCT-1,5.828372,-5.3647375
CTGCCATTCAGTGTTG-1,7.1789713,-2.9218419
CTGCCATTCGGAACTT-1,-12.370972,-2.372945
CTGCCTACAAGACTGG-1,-12.985338,-0.33338672
CTGCCTATCTTGATTC-1,0.9718657,7.805002
CTGCGAGAGATTAGAC-1,-13.523644,-0.36795187
CTGCGAGAGTGCACTT-1,-13.889083,-1.7874277
CTGCGAGCAGATTCGT-1,-0.5720724,8.943922
CTGCGAGGTAGGTTTC-1,-13.747188,2.012137
CTGCTCACAGCGTTTA-1,-9.514438,-2.1335618
CTGGACGCAACGATTC-1,7.485887,-2.0742223
CTGGACGCACACGGTC-1,-15.162123,-1.0967214
CTGGACGGTTCCCAAA-1,7.648674,-1.5544063
CTGGACGTCTCATTTG-1,-11.043361,-2.0483503
CTGGCAGGTTGCAAGG-1,-13.476588,2.01839
CTGGCAGTCGTCTCAC-1,6.7946377,-3.3809743
CTGTCGTAGCTGGCCT-1,4.0618467,-6.9133615
CTGTGAAAGGAACGCT-1,-14.341091,-0.49530497
CTGTGAATCATCGCTC-1,-14.436076,0.009163301
CTGTGGGGTCGTGATT-1,-9.203045,-4.2504315
CTTACCGCATGTGGTT-1,-5.457361,-0.41306674
CTTACCGGTTTCTTAC-1,-5.2495775,-0.7102084
CTTAGGAGTCTGTGGC-1,-0.9862534,7.5208282
CTTCAATGTTGGACTT-1,3.9987688,-5.05501
CTTCAATTCGAGAGCA-1,-6.066161,-0.6827717
CTTCGGTCACGTTCGG-1,-0.42862135,7.7402735
CTTCGGTTCCAAGAGG-1,-0.4134278,7.9016395
CTTCTCTTCCTACAAG-1,5.9689713,-2.562189
CTTGAGAAGAATTGCA-1,4.894588,-6.7468963
CTTGAGATCCCGAGGT-1,-5.8132205,-0.58010125
CTTGATTAGGTAGGCT-1,5.9792595,-6.4075823
GAAACCTAGGAGGTTC-1,-13.126489,2.2435665
GAACACTGTTGGACTT-1,-0.28427812,7.8003883
GAACGTTGTCAGGAGT-1,-13.052605,-0.61148965
GAACTGTCATCGAACT-1,4.0713234,-5.6001606
GAACTGTTCTCAAAGC-1,6.6323514,-2.5696762
GAAGAATAGGTACAAT-1,-14.841528,-1.6154286
GAAGCCCCAGGAACCA-1,-9.576747,-2.1592693
GAAGCGATCAGTAGGG-1,10.135816,0.36707884
GAAGGACGTCTGCCTT-1,-14.09335,-1.4539428
GAAGGGTTCGCAGATT-1,4.951955,-6.850409
GAAGTAAGTCTAGATC-1,7.6838803,-2.6704624
GAATCACCAGTGGTGA-1,6.264753,-3.2041368
GACACGCCAGTCCGTG-1,0.37500164,8.30896
GACACGCGTTCCAAAC-1,1.0900853,9.309998
GACAGCCGTATCGTGT-1,9.21672,0.1694804
GACATCAGTAACGATA-1,-13.065464,2.2314754
GACCCTTCAGCGTATT-1,-8.488132,-2.0223658
GACCCTTCATCATCTT-1,4.1285186,-4.269784
GACCTTCCACCTGCGA-1,-13.401451,-1.224229
GACCTTCGTCGAGCTC-1,4.0837026,-6.557755
GACTATGCAGTCCCGA-1,-4.6101704,-0.6736977
GACTATGCATCATTGG-1,-14.917698,-1.5801324
GACTATGTCCAAGGGA-1,6.345989,-3.7052016
GACTCAATCTAGTGAC-1,-5.918919,-0.5883113
GACTCAATCTCCCAAC-1,-14.951703,0.63272345
GACTGATTCATCCTAT-1,3.991448,-4.936196
GACTTCCTCCTCTAGC-1,4.5306516,-4.3658886
GAGAAATCATTGGATC-1,3.5977783,-5.535913
GAGACCCAGTAGGATT-1,-13.879806,-2.5988395
GAGACTTAGTCACTCA-1,9.798478,4.470226
GAGACTTCAGGCTATT-1,-12.5573845,-1.922452
GAGAGGTTCATAGACC-1,4.693733,-7.1640434
GAGATGGCATGTAACC-1,4.7297606,-7.198559
GAGCCTGAGCGCACAA-1,-5.1354394,-0.55160105
GAGCCTGAGGCAGCTA-1,-10.044843,-9.406294
GAGCCTGCAGTCTCTC-1,9.204133,1.1155967
GAGCCTGGTCCACGCA-1,6.2327995,-2.4924207
GAGCTGCGTCGGATTT-1,-13.097552,-2.3673317
GAGGCAAAGTCACGAG-1,8.232145,-1.3617084
GAGGGATCACTTGGCG-1,5.9118834,-6.0494924
GAGGGTACAGTTTCAG-1,6.385734,-3.780659
GAGGGTAGTCAACACT-1,5.6249423,-6.256702
GAGGGTATCTGTCCCA-1,7.3238444,-4.076208
GAGTCATAGGGTTGCA-1,-0.8461333,7.4309425
GAGTGAGGTCGGCTAC-1,-0.4685501,8.854946
GAGTGTTCACAAGCTT-1,-0.9136965,8.800691
GAGTGTTGTACGTAGG-1,9.133998,1.5781071
GAGTTACAGACGACGT-1,7.079067,-3.930587
GAGTTGTAGCGTTACT-1,-14.66006,-2.392464
GAGTTGTAGTGCGTCC-1,-13.458516,-0.19365406
GAGTTGTCACGGTGCT-1,9.627647,2.456959
GATAGCTGTCGGAAAC-1,-11.539727,-2.50257
GATAGCTGTCTGTTAG-1,7.5287485,-2.5220914
GATAGCTTCGTGCAGC-1,0.045734826,9.396932
GATCACACACCCTGTT-1,-9.442407,-4.303092
GATCAGTAGGAACATT-1,-0.4478328,8.937998
GATCAGTAGTGCGCTC-1,4.8380632,-5.630717
GATCAGTGTTACAGCT-1,-4.6573744,-0.3414041
GATCATGAGGCCTAAG-1,7.8337364,-2.4637268
GATCCCTAGAGGATGA-1,4.988525,-6.7978244
GATCCCTGTAATTAGG-1,4.3252244,-6.761827
GATCGTACAGCGCGTT-1,7.4591365,-2.847019
GATCGTATCTCTGGTC-1,10.324134,3.9132476
GATGACTTCGTGGCGT-1,5.672456,-5.568846
GATGACTTCTCTAGGA-1,-0.69702226,7.1708894
GATGAGGCAAATGCGG-1,4.88976,-7.618904
GATGATCGTATGGAAT-1,9.792232,0.4065741
GATGATCGTGTAACGG-1,0.8677904,8.8176
GATGCTAGTACAGGTG-1,5.134862,-5.076765
GATGCTATCCTACGAA-1,-2.4951727,-0.4428463
GATGGAGAGCCAGACA-1,1.6103932,9.296892
GATGGAGCACTTGAAC-1,6.628685,-3.6897786
GATGGAGTCTGCGGCA-1,5.1163287,-5.427042
GATGGAGTCTTCCAGC-1,-13.900237,-0.5449902
GATTCGAGTCGCACGT-1,-5.1022034,-0.7133586
GATTCTTGTACAGTCT-1,6.1755185,-3.3330073
GATTGGTAGGCTGGAT-1,-3.231195,-0.4566211
GATTGGTGTTGAGAGC-1,7.7349076,-1.9653562
GATTTCTCAAGTGGGT-1,8.850636,0.9547697
GATTTCTGTCGTCGGT-1,-4.947264,-0.6011116
GATTTCTTCCTTCAGC-1,0.4050798,7.4532638
GCAACCGTCATTTCCA-1,9.643631,2.905932
GCAACCGTCGAACGGA-1,0.41301623,8.246676
GCACGGTAGTAGTCTC-1,7.196694,-3.2254438
GCACGGTCACCCAACG-1,0.3766312,8.137909
GCACGTGTCAGACATC-1,10.758223,4.451605
GCAGCCAAGAGGTCAC-1,-0.672399,8.118206
GCAGCCACATACATCG-1,-0.7783202,8.120402
GCAGCCAGTTGCGTAT-1,1.6092962,8.941041
GCAGCCATCACCGGGT-1,9.483954,0.4362006
GCAGCTGGTAAGTTAG-1,-12.910866,-2.7957463
GCAGCTGGTGGGTCAA-1,-0.08484141,7.7707148
GCAGCTGTCAAAGCCT-1,-10.084608,-9.447443
GCAGCTGTCCTTCTGG-1,9.98442,0.54797727
GCAGTTACACATTCTT-1,-14.643319,0.77746516
GCAGTTATCTCTCTTC-1,-8.503632,-2.0495348
GCATCGGGTAACGATA-1,-14.284709,-1.0508461
GCCAACGTCTAACGCA-1,10.087141,4.253617
GCCAACGTCTGCATAG-1,-13.062574,-1.4892911
GCCAGGTGTTAGAAAC-1,6.227614,-5.0527277
GCCAGTGAGTCCTACA-1,0.053923383,8.923353
GCCGATGAGGCGAAGG-1,-5.7675214,-0.33358255
GCCGATGAGTAACCTC-1,5.4844594,-6.2002597
GCCGATGCATCTTTCA-1,-0.18172294,7.3618927
GCCGTGACAACGACTT-1,-14.728918,0.14065832
GCCGTGACATGCCGGT-1,8.59637,-0.13742146
GCCGTGAGTCAGTCCG-1,-19.181822,-2.5465815
GCCTGTTCACAGTCAT-1,-10.888712,-2.0937164
GCGAGAAAGTTGTAGA-1,-8.946566,-1.9209307
GCGAGAATCCTCAGAA-1,3.8566816,-5.815558
GCGGAAAGTGTGTCCG-1,9.609491,2.3798351
GCGGATCAGCAACTTC-1,-14.722739,0.9030702
GCGTTTCAGTCTAGCT-1,4.9907007,-4.8462524
GCTACAAGTCAGCTTA-1,-3.415755,-0.19175501
GCTACCTCACGCACCA-1,-12.870917,-1.9941832
GCTACCTGTCCTACAA-1,-14.548499,-2.0585523
GCTGAATAGCACTCTA-1,1.4970554,9.826898
GCTGAATCACACGGAA-1,-0.7397757,9.005922
GCTGAATTCGTTAGTG-1,-12.6443,-1.4657766
GCTGCAGAGGGCAGAG-1,2.1094997,9.271683
GCTGCAGGTGCTGATT-1,6.1785264,-4.479244
GCTGCAGGTTGACGGA-1,-14.464561,-0.1724257
GCTGGGTAGTACAACA-1,10.676528,4.734672
GCTTCACCAACACGAG-1,-10.649869,-3.610176
GCTTGGGAGAAGGTAG-1,-10.141939,-2.2979333
GCTTTCGAGTGCAAAT-1,-14.283964,-1.7121458
GCTTTCGGTTCGGGTC-1,4.959925,-3.9984367
GCTTTCGTCCGGTAGC-1,7.73644,-2.6101825
GCTTTCGTCTGGGTCG-1,-10.56441,-2.3743184
GGAACCCAGCCATTTG-1,-15.279502,-1.6917759
GGAACCCTCTAATTCC-1,-0.33213642,7.7095194
GGAAGTGCAACCCTCT-1,-14.637076,1.4940385
GGAATCTCAAACTGCT-1,4.5095043,-5.377524
GGAATCTTCAATCTCT-1,6.5882907,-2.436272
GGAATGGAGGACTAAT-1,-10.649751,-2.1916642
GGAATGGCACGACGCT-1,4.318911,-7.1839194
GGACGTCGTTCAACGT-1,-12.682364,-2.4108288
GGAGAACGTGCCCACA-1,-13.498528,2.19395
GGAGGATGTATGAAAC-1,-13.567701,-1.8105797
GGAGGTAAGGCGTTGA-1,-13.826229,-0.51564354
GGAGGTATCTGGTGCG-1,-13.873218,1.9434978
GGATCTAAGCAATTCC-1,-4.640241,-0.63491577
GGATCTAGTGCCTGCA-1,-19.223137,-2.583416
GGATCTATCACCTACC-1,5.4410186,-4.2103915
GGATCTATCATAAGGA-1,9.492367,0.2843361
GGATGTTAGCCGGATA-1,6.028555,-2.8780432
GGCACGTAGGCCCGTT-1,-5.3981395,-0.56297874
GGCGTCACATTGTGCA-1,-1.8491609,-0.24977991
GGCTGTGCAAAGCTAA-1,10.796957,4.7052803
GGCTGTGCACGGTGAA-1,0.5121029,8.9718895
GGCTGTGGTCCACATA-1,-14.852555,1.3324008
GGCTTGGCACCGAATT-1,0.8302629,8.692146
GGCTTGGGTAGATCGG-1,0.59623235,9.4582815
GGCTTGGTCTTCTTCC-1,-13.298836,1.8182237
GGGACAATCCGATCTC-1,-12.990732,-2.8239212
GGGACCTGTTAGGGAC-1,-3.1234858,-0.36308494
GGGACCTGTTCTTGTT-1,4.198149,-4.909678
GGGACTCCACATATCG-1,5.382241,-5.174102
GGGACTCCACGGGCTT-1,-11.827453,-3.1619701
GGGAGATCACGGGTAA-1,6.2297106,-5.1376147
GGGAGATTCACGGACC-1,0.35423604,8.439009
GGGAGTAAGCAGGCAT-1,-11.5274,-1.7219307
GGGAGTATCACCTCGT-1,-9.761137,-3.9387598
GGGAGTATCTTAGCCC-1,-14.971326,0.3483727
GGGATCCAGGGCAATC-1,10.548384,4.1877317
GGGATGAAGGGAGGGT-1,4.8733554,-7.0584903
GGGATGAAGTCCCGAC-1,7.496166,-2.1714983
GGGCCATTCAGACCGC-1,-14.29028,-1.1478562
GGGCTACAGACCAAAT-1,4.2957363,-5.728758
GGGCTACAGGCAGTCA-1,4.9912953,-7.0123034
GGGCTCATCGCAATTG-1,6.0956125,-3.571666
GGGTAGAAGTAGGGTC-1,4.58528,-7.5143685
GGGTCACCAGGAGGTT-1,7.0708985,-4.518848
GGGTCACGTCCTTAAG-1,-12.46153,-2.768453
GGGTCACTCACAAGGG-1,-14.077682,-0.5713523
GGGTCTGAGTCAACAA-1,-13.187969,2.203964
GGGTCTGGTTTGAAAG-1,6.8811135,-3.1783643
GGGTCTGTCCCGTTCA-1,-14.216933,-0.18610674
GGGTGAACATAAGCAA-1,6.1515503,-4.2187757
GGGTTATCAGCCATTA-1,7.860269,-1.9388489
GGGTTTACACAGAGCA-1,-14.66591,-0.48871234
GGGTTTACACTAAACC-1,1.4348375,9.814032
GGTAATCCAAAGGAGA-1,9.144277,0.0513986
GGTAATCCACAGCATT-1,-11.965464,-1.9628607
GGTAATCCATACCACA-1,-13.327326,-0.4073068
GGTAATCTCAAGTTGC-1,-11.878562,-2.6195264
GGTAGAGAGACCAGCA-1,-13.298782,-0.7386249
GGTCACGCAATGGCCC-1,5.6460366,-4.0181255
GGTCACGGTCGTGATT-1,4.0334725,-5.3984184
GGTCTGGTCAGACATC-1,0.25060612,7.2454453
GGTCTGGTCTCCCAAC-1,9.00855,-0.13488357
GGTGATTAGCTGTACT-1,-0.579673,8.946602
GGTGATTCAGCTCGGT-1,-13.718699,-1.6377552
GGTGGCTGTGCGCTCA-1,10.4318905,4.7076707
GGTGTCGCAACGATCT-1,-15.16978,-0.7484522
GGTGTCGGTGTTATCG-1,-0.24193905,9.348374
GGTGTTAGTGGATTTC-1,2.350773,9.2269
GGTTAACTCACTCACC-1,-4.4757323,-0.70251024
GGTTCTCCAGGTTCCG-1,-13.628247,0.6880728
GGTTGTATCGAAGGAC-1,-9.403332,-4.2224436
GTAACACAGAAAGCGA-1,-1.9704016,-0.29762614
GTAACACAGCTCCGAC-1,-8.379895,-2.0230455
GTAACACGTAGATGTA-1,8.837705,0.9976615
GTAACACGTGGCGTAA-1,-13.376542,2.173943
GTAAGTCTCGATTGGT-1,4.349078,-6.886771
GTAATCGCAGTTTCGA-1,8.319064,-0.75280577
GTAATCGGTTGCGAAG-1,10.347186,4.7725315
GTAATGCCACCAGTAT-1,-12.967648,-2.4186044
GTACAACAGATAGCTA-1,10.279841,4.1514964
GTAGAAACATGGACAG-1,-14.9186945,0.55857104
GTAGAAATCTGAGATC-1,-13.258211,-2.2404788
GTAGAGGCAACTTCTT-1,3.9302716,-4.8954854
GTAGATCCATCCCGTT-1,7.512575,-3.727161
GTAGCTATCTCATGGA-1,-13.668521,-2.8133876
GTAGGAGTCCGTCACT-1,10.729067,4.832567
GTAGGTTCAGAAGCGT-1,4.1940565,-6.274391
GTAGGTTGTGTTCGTA-1,8.727254,0.71958727
GTAGTACCACCCTATC-1,-12.108084,-2.5130222
GTAGTACTCTGTGTGA-1,-9.977491,-4.170993
GTATTTCAGAAGAGCA-1,5.7744727,-6.7039475
GTCAAACCAAGCACCC-1,6.182447,-4.5891457
GTCAAACTCAATGCAC-1,-3.3149254,-0.5288637
GTCAAGTCAATACCTG-1,-2.2139313,-0.3793382
GTCACGGAGCGGGTTA-1,5.848988,-6.253482
GTCACGGCACCGTACG-1,6.384621,-3.4872804
GTCACTCTCTTGAACG-1,5.052408,-4.610865
GTCATGAAGACTCATC-1,-4.585091,-0.6273483
GTCATGAAGTTTGGCT-1,-15.188908,-0.7053762
GTCATGACATTGGATC-1,0.102424756,7.6580133
GTCATTTCAAGAGAGA-1,4.148461,-7.248607
GTCATTTGTACGACTT-1,-3.6076634,-0.50299954
GTCATTTTCCTAGAGT-1,10.359956,3.4998379
GTCCCATCATGCCGAC-1,5.5871305,-6.831126
GTCCTCAAGTCACGAG-1,2.245371,9.101447
GTCGAATAGGAGTATT-1,-0.4978978,8.055156
GTCGAATCAGAACCGA-1,-14.097025,0.9636769
GTCGAATGTCAAGCGA-1,-14.330277,1.5743102
GTCGCGAAGCAGCGAT-1,9.40343,1.4248865
GTCGCGAGTTTACCTT-1,10.272178,4.61846
GTCTACCCAGGAAGTC-1,5.385539,-6.7952895
GTCTAGACAATGCAGG-1,-5.5691276,-0.40485096
GTCTAGAGTATGTCAC-1,-10.523817,-3.8627179
GTCTAGATCGAGAGAC-1,1.2576278,9.46777
GTCTGTCAGATACGAT-1,6.193367,-5.472902
GTCTGTCTCGAGCCTG-1,10.4378605,4.49296
GTGAGCCCATCTTCGC-1,-2.2122252,-0.35200235
GTGAGCCGTGATCGTT-1,10.833031,4.4048204
GTGAGCCTCTGGAAGG-1,-14.099694,-0.27208185
GTGAGGAAGCATTGAA-1,7.5019474,-3.823657
GTGAGGACACAACATC-1,9.037245,-0.027555725
GTGAGGACACTTTAGG-1,4.246154,-7.1289515
GTGAGTTTCCAATGCA-1,5.95135,-4.0234566
GTGATGTAGACATCAA-1,7.1101956,-3.4209065
GTGCGTGAGCTTCTAG-1,-12.977592,-2.2510755
GTGCTGGCAGGCTACC-1,10.45999,3.7098873
GTGCTGGTCAAACCTG-1,4.360136,-5.7083654
GTGCTTCAGACCATAA-1,-14.842479,0.45741925
GTGCTTCCACTCATAG-1,10.323774,4.238517
GTGCTTCGTCGCTTGG-1,-14.535262,-0.6066458
GTGGAAGAGCCAAGTG-1,9.393107,0.42896816
GTGGCGTAGAATAACC-1,8.991691,1.0829971
GTGGCGTCAATCGAAA-1,9.90113,0.44434536
GTGGGAAAGGTCGTAG-1,-0.18331477,7.4629326
GTGGGAACATGAGTAA-1,7.198463,-4.1771297
GTGGTTAAGTAACCGG-1,5.790699,-4.5378156
GTGTAACTCTTGGTGA-1,4.973569,-4.713538
GTGTCCTAGTCGGCCT-1,10.517963,4.385337
GTGTCCTCAGTTGTTG-1,1.9108176,9.155112
GTGTCCTGTGGCCTCA-1,4.883272,-5.801234
GTGTGATCACTACGGC-1,7.614095,-2.570149
GTGTGATTCTTACGTT-1,10.222032,3.6531358
GTGTGGCAGGTACTGG-1,-10.363346,-3.9625597
GTGTGGCAGGTAGTCG-1,8.745734,0.14515871
GTGTGGCGTAAGTTGA-1,-5.310294,-0.7543424
GTGTGGCTCACCACAA-1,4.5625396,-6.0010657
GTGTTAGAGACGGTCA-1,-6.2826757,-0.5912188
GTGTTCCAGGTGCCTC-1,-0.66085607,6.9607944
GTGTTCCGTAGTTCCA-1,-19.222048,-2.5863607
GTTACAGAGGGCTAAC-1,-5.073794,-0.5514187
GTTACAGAGTGTAGTA-1,4.6162286,-7.486788
GTTACAGCAAATCAGA-1,4.7244697,-4.7516365
GTTACGAGTATGAGAT-1,-13.988695,-1.2740141
GTTAGTGAGAACGTGC-1,6.7695136,-4.364873
GTTAGTGCACCTCTAC-1,-12.556132,-2.6026604
GTTCATTTCCGATGCG-1,-19.369246,-2.717433
GTTCCGTAGTTGCCCG-1,-14.319646,0.7832465
GTTCCGTCACCCGTAG-1,9.023217,1.2618418
GTTCTATCAAATGAGT-1,-0.5712865,9.141151
GTTCTATCACGTGTGC-1,-12.002886,-1.2466164
GTTCTATTCTACACTT-1,10.050754,4.6680956
GTTGAACAGGAACATT-1,10.70565,4.83157
GTTGAACGTACCCGCA-1,-12.139284,-2.7959027
GTTGCGGAGCTGCCTG-1,4.757941,-6.1483793
GTTGCTCAGTTTCGAC-1,10.036805,4.35611
GTTGCTCTCATTTCCA-1,5.7157383,-3.0371506
GTTGTAGCAGTTCTAG-1,9.465507,1.2043761
GTTGTGAAGACCTTTG-1,-5.8930063,-0.5004987
GTTGTGATCTCGGTCT-1,6.152795,-6.342617
GTTTGGAGTGTATACC-1,6.059818,-3.8937378
TAACGACCACATATGC-1,3.8006787,-5.6931143
TAACGACGTGCCTACG-1,-2.8432329,-0.45381203
TAACTTCGTTGTGGAG-1,10.445045,4.714193
TAAGCACAGAAGCTGC-1,7.7810726,-2.39371
TAAGCACTCACCATAG-1,0.16009621,7.639422
TAAGCCAGTCCAACGC-1,-2.7639108,-0.48491973
TAAGCCATCTGGCCTT-1,0.052208982,7.3525805
TAAGCGTTCGTTGCCT-1,1.3433701,9.705436
TAAGCGTTCTGTCGTC-1,6.1695414,-5.991734
TAATTCCCACTCCGGA-1,8.682411,0.545501
TAATTCCGTATTGACC-1,-8.695043,-1.8885301
TAATTCCGTCAGTCCG-1,6.4557586,-3.8878658
TACAACGCAAAGGTTA-1,4.6977286,-6.5082393
TACAACGCATAGATCC-1,4.243754,-5.15314
TACACCCTCGACTCCT-1,3.6824667,-4.781445
TACAGGTTCCTTACCG-1,6.20858,-4.056086
TACATTCGTGGCTTAT-1,5.6578193,-4.4554634
TACCGGGTCCTCGATC-1,-19.285719,-2.645872
TACCTCGCACCCAACG-1,4.020764,-5.970641
TACCTGCAGTCACGCC-1,-5.6030116,-0.20266491
TACCTGCAGTCTGCAT-1,6.5256214,-3.1609974
TACCTGCTCCAAGCTA-1,0.29972443,7.5168343
TACGCTCGTCAATCTG-1,-5.5065374,-0.51672435
TACGCTCTCTCGGTCT-1,-13.465418,-2.8773413
TACGCTCTCTTAAGGC-1,0.05142439,7.4148855
TACGGGCTCAACGAGG-1,5.697737,-6.120276
TACGGGCTCTACCACC-1,4.639913,-5.758159
TACGTCCCAAGTGATA-1,-12.690494,-1.1834552
TACGTCCCATGTGTCA-1,9.907329,1.2561053
TACTTACAGGCATCTT-1,-5.793416,-0.2964485
TACTTCATCATGCCGG-1,9.355974,-0.106266886
TAGACCAGTCTCGGGT-1,-2.8389513,-0.89595
TAGACTGAGATTGTGA-1,1.9835969,9.479871
TAGACTGGTCTTGAAC-1,-15.042147,-1.504907
TAGACTGTCGCCGAGT-1,-13.532737,-1.8886905
TAGAGTCGTTGTGTAC-1,-13.887219,-1.5225481
TAGATCGCAAATGGTA-1,-14.710391,0.016499989
TAGATCGCACACGCCA-1,4.524351,-6.835494
TAGATCGTCACAACCA-1,-14.032875,-2.557734
TAGCACAAGTACTCGT-1,-14.705403,1.0912539
TAGGAGGCAAGACCTT-1,-0.59150463,8.718408
TAGGAGGGTTCCAGGC-1,0.9367792,8.173284
TAGGGTTAGAGAGCGG-1,6.5913053,-4.3362
TAGGGTTAGGAACATT-1,0.792787,7.7037053
TAGGTACGTGTCATCA-1,-13.993814,-2.6739154
TAGGTACTCGAAGCAG-1,10.301684,4.6755095
TAGTGCACACTCGATA-1,-12.093863,-1.4544296
TAGTGCACAGAGGAAA-1,-13.316281,-2.2129116
TATACCTGTTCTCGTC-1,9.189057,0.04356385
TATACCTTCTGTCCGT-1,-13.262605,-0.47435713
TATATCCCATGCGTGC-1,-0.8755828,8.558588
TATCGCCTCTCCCAAC-1,-11.768059,-3.213137
TATCTTGTCCATCTCG-1,-10.1970415,-4.136103
TATCTTGTCGGCTTGG-1,-13.1945095,2.1948166
TATGTTCAGTATGGAT-1,9.613023,2.2657714
TATTGCTTCTCGAACA-1,10.525422,4.053853
TCAAGCATCCACTTTA-1,6.1299644,-3.9034343
TCAATCTAGAGGTTTA-1,4.036703,-5.637354
TCAATCTGTTTCCCAC-1,-0.54271775,7.3271594
TCACAAGGTAGTGGCA-1,4.9111934,-7.316158
TCACAAGGTGGATACG-1,-12.875239,-1.547576
TCACACCCACCAGCCA-1,-10.990333,-2.3743498
TCACACCGTCTCACGG-1,9.148257,0.11901848
TCACACCGTTAAACCC-1,-11.123081,-2.0589807
TCACACCTCTGGGAGA-1,5.9160066,-4.5253043
TCACACCTCTTACCAT-1,-1.561929,-0.27595332
TCACATTCAGAACTAA-1,-8.537035,-1.970349
TCACATTCATGCCATA-1,5.6504393,-3.911421
TCACGCTAGGACATCG-1,9.475047,-0.10327141
TCACGCTGTCTGCCTT-1,3.827795,-5.1667833
TCACGCTTCACTAGCA-1,3.9484665,-5.178537
TCACGCTTCGCTGACG-1,-19.381771,-2.7305748
TCACGCTTCGGACTGC-1,5.7259355,-4.6476135
TCACGGGCAACCGACC-1,-14.954621,-1.690615
TCACTATGTTTAGACC-1,9.584106,-0.2199327
TCACTCGCAAAGCAAT-1,-11.369217,-1.9781156
TCACTCGGTCAACCAT-1,3.872539,-5.7420335
TCACTCGTCGGTCATA-1,-10.937669,-2.0339231
TCAGCAACAAATCAAG-1,-9.686954,-2.2270122
TCAGCAAGTATGACAA-1,-10.389297,-3.97599
TCAGGGCTCATGCGGC-1,5.249849,-6.1280923
TCAGGTACAATCGCAT-1,0.5221468,8.306779
TCAGGTAGTATGGTAA-1,7.286575,-3.562364
TCAGTCCGTAAGATCA-1,-10.448461,-2.4294252
TCAGTCCGTCTCTCAC-1,6.290963,-2.7072425
TCAGTTTAGGATATAC-1,-11.630343,-2.217878
TCATACTCAGGTACGA-1,8.956821,1.5083832
TCATACTTCAGAGCAG-1,7.3682647,-3.7103908
TCATATCCATGCTGCG-1,-10.131157,-9.493408
TCATCATAGCACACAG-1,-12.397569,-1.3475376
TCATCATGTTGCACGC-1,-13.8274,-1.000834
TCATCCGTCCAACTGA-1,0.30868533,8.518123
TCATGAGCAAGGCAAC-1,-5.458324,-0.78577495
TCATGCCCAAAGCGTG-1,9.160586,0.8440404
TCATGCCGTGTCTTAG-1,5.478887,-6.6222258
TCATGTTAGAGGCGGA-1,0.65061283,8.94533
TCATGTTGTGTGTGTT-1,4.6185036,-7.537444
TCATTACGTGCATGAG-1,9.566901,1.0974761
TCATTGTGTGAGCAGT-1,4.437384,-5.987954
TCCATCGGTTTAGTCG-1,1.1716831,9.637493
TCCCACACACTAGAGG-1,-5.436782,-0.5637246
TCCCACACAGACCAAG-1,-15.061977,-0.714827
TCCCAGTAGACCGTTT-1,-13.223931,-0.7861907
TCCCAGTTCGACATAC-1,-12.640051,-1.1701919
TCCCATGTCGGCCCAA-1,4.139921,-6.940086
TCCGATCTCAAACCTG-1,6.75715,-3.307984
TCCGGGACACGGGCTT-1,-5.7949,-0.48084417
TCCTCCCAGTCTAACC-1,-14.786546,0.7920192
TCCTCGATCTCTCGAC-1,5.65029,-2.9122276
TCCTCTTAGAGTGAAG-1,-13.286926,-1.5652598
TCCTCTTAGCCAAGGT-1,-11.130045,-2.5966766
TCCTTCTCAACTCGTA-1,-10.368212,-4.0013776
TCCTTTCTCGCTGTCT-1,-10.142555,-9.504258
TCGAAGTGTATCAGGG-1,9.232649,1.0516297
TCGACCTCAAAGACTA-1,4.2407804,-5.617661
TCGACCTCAAGTAGTA-1,-9.260493,-4.2423625
TCGACGGTCGAAGTGG-1,7.0979705,-2.382511
TCGATTTGTACGCTTA-1,6.118934,-2.567674
TCGCAGGAGATTGACA-1,7.076775,-3.128278
TCGCAGGGTAGGCTCC-1,4.4912467,-7.1188216
TCGCAGGGTTCTAACG-1,4.5575233,-5.3603683
TCGCTCACAAGATTGA-1,5.945038,-6.217513
TCGCTTGAGAGACAAG-1,9.338231,0.236024
TCGCTTGAGCATTTGC-1,9.37839,-0.0062286025
TCGGGACGTAACGGTG-1,-8.294321,-1.6355077
TCGGGACTCTAGATCG-1,4.5822344,-6.0144205
TCGGGCACAGTTACCA-1,4.0160017,-6.939988
TCGGGCATCCGATTAG-1,7.077396,-4.277472
TCGGGCATCTGAACGT-1,-14.1661215,-2.1640127
TCGGGTGCAGTCTGGC-1,-13.761251,1.8688446
TCGGTCTTCATTGCTT-1,6.2436786,-3.7466707
TCGGTCTTCGACATAC-1,6.281132,-3.892239
TCGTAGACAATGAAAC-1,-14.725382,-1.2712239
TCGTGCTGTAAGGAGA-1,4.455801,-7.3773665
TCGTGCTGTGATCATC-1,-10.202475,-9.565146
TCGTGGGCAGAAGTGC-1,-5.590404,-0.31773207
TCTAACTAGGTCCAGA-1,-1.9536753,-0.35372952
TCTACCGCAGTCGTTA-1,7.2585855,-2.9910772
TCTACCGTCCACGGAC-1,3.342775,-4.9460554
TCTATACGTTATCCAG-1,-15.231898,-0.2884883
TCTATCAGTATGCTAC-1,-15.219788,-1.5273803
TCTATCAGTTGCCGAC-1,-2.3339202,-0.35608208
TCTCACGAGGCTCCCA-1,10.039173,0.38291216
TCTCCGAAGTCAATCC-1,-11.511863,-3.0987332
TCTCCGATCTCTCTTC-1,2.248893,9.121435
TCTCTGGCAAAGCAAT-1,-9.152248,-1.9984773
TCTGCCAAGTTACGGG-1,-4.9879217,-0.6850405
TCTGCCAGTAACGCGA-1,3.9338727,-6.308165
TCTGCCAGTAGATGTA-1,-12.137453,-2.133312
TCTGGCTCATCCTGTC-1,6.1018186,-2.7486439
TCTGTCGAGACTAGAT-1,-13.241622,-1.0047549
TCTGTCGCACCAGCGT-1,10.093192,4.6196575
TCTTAGTAGGCCTGCT-1,3.4182727,-5.3111496
TCTTAGTCAACACGAG-1,-13.526662,-2.2277257
TCTTAGTGTTGCCAAT-1,-13.655235,-2.62312
TCTTAGTTCAGAATAG-1,9.795895,1.5437256
TCTTCCTCACCAAAGG-1,-5.418878,-0.34940055
TCTTGCGAGATGAAGG-1,5.979146,-2.8113315
TCTTGCGCACTACTTT-1,0.66831845,7.4773345
TCTTGCGCAGAGGAAA-1,7.581765,-2.9979668
TCTTGCGGTCCAGCCA-1,6.727385,-2.5768487
TCTTTGAGTGGAGAAA-1,0.8098993,9.29137
TGAACGTCAAATGAAC-1,9.78761,0.57678676
TGAACGTGTAACTAAG-1,6.6224065,-4.287334
TGAACGTGTCCATAGT-1,-13.218323,2.2389264
TGAATGCGTGGACTAG-1,0.08445709,9.042309
TGAATGCTCGACGAGA-1,-15.08791,-1.8706244
TGAATGCTCGCCGTGA-1,-13.14289,-2.1533582
TGACAGTTCGAGATGG-1,-0.008982216,9.390541
TGACCCTTCTCATTGT-1,-9.497178,-2.0623662
TGACGCGGTGGCTTAT-1,-13.779366,1.6635264
TGACTCCAGTCTCCTC-1,3.6918135,-5.5177155
TGACTCCCACCATAAC-1,-14.792556,1.1201437
TGAGACTAGGCTGAAC-1,3.6776628,-5.580457
TGAGCATTCCATTGCC-1,10.152058,0.200633
TGAGCATTCCTTCACG-1,4.199543,-4.534119
TGAGCATTCGATACTG-1,6.303576,-4.08602
TGAGCATTCTGTCTCG-1,-12.954607,-2.224242
TGAGCGCCACTATGTG-1,-12.592999,-2.6114376
TGAGCGCCAGCATACT-1,-12.011736,-1.8516653
TGAGCGCTCGTCTAAG-1,9.315765,1.8231791
TGAGGAGTCCATCGTC-1,2.1300116,9.146224
TGAGGGATCAAACGTC-1,1.2825665,9.5214815
TGAGGGATCATAAGGA-1,-4.350586,-0.45507517
TGAGGTTCAAACTAGA-1,-14.39043,1.0612638
TGAGGTTCAGGACATG-1,-12.173705,-2.653884
TGAGGTTGTAGCTTTG-1,-10.899189,-3.544511
TGAGTCACAGAACGCA-1,-13.167967,-2.9415607
TGAGTCAGTAACCCTA-1,10.094505,3.4145606
TGAGTCAGTCACTCTC-1,-14.826614,-1.0898081
TGATCAGAGGATTCAA-1,-11.934562,-3.1371977
TGATGCACAGGGCTTC-1,9.58235,1.9619654
TGATGGTAGACCCGCT-1,9.820238,4.024497
TGATTCTGTAGGTACG-1,-5.835576,-0.101176865
TGCACGGTCGAGTACT-1,-0.8989769,8.591206
TGCAGGCAGCGTTCAT-1,4.7513494,-4.1938863
TGCAGGCCAGGAATAT-1,4.4278765,-7.0179424
TGCAGTAAGTAGTCCT-1,0.46748215,9.439247
TGCAGTATCCACATAG-1,-12.621961,-1.5403117
TGCATCCCACCCAACG-1,-0.6588633,7.2073994
TGCATGAAGCACCCAC-1,4.2838855,-5.292317
TGCGACGAGCGACAGT-1,10.563556,4.672406
TGCGATAAGAATCGCG-1,9.423025,0.04003114
TGCGGCAAGTGGTGAC-1,7.938302,-3.0866103
TGCGGCACAAAGACGC-1,5.956067,-5.6748624
TGCTCCACAATCTAGC-1,9.831546,0.15648624
TGCTCGTAGACGAGCT-1,5.5642138,-6.7592053
TGCTCGTTCCCATTTA-1,-0.7164132,9.066872
TGCTGAACAGCACAAG-1,6.5011187,-3.6091425
TGCTTCGCATAGCTGT-1,-13.783039,1.9495442
TGCTTGCGTGAACTAA-1,4.1540093,-5.980027
TGGAACTAGCGTCTCG-1,-13.507307,-0.8340423
TGGAGAGCAGTCAGTT-1,-14.399053,1.605253
TGGAGGAAGTAGGAAG-1,-12.898941,-0.82420456
TGGAGGAGTCTTTATC-1,-19.2538,-2.614451
TGGAGGATCGACATTG-1,-3.4747574,-0.2734391
TGGATCAGTTCTCCCA-1,-14.842175,1.1668113
TGGATGTTCACGGGAA-1,9.767209,1.1439807
TGGATGTTCTATCCAT-1,-5.6878524,-0.30032846
TGGCGTGGTGGATTTC-1,9.927938,0.32006007
TGGGAAGTCGATTGGT-1,9.0886,1.0509804
TGGGAGAAGCAAGTGC-1,-0.85885257,8.261239
TGGGAGAAGTGGTGGT-1,-14.992199,-1.557509
TGGGATTAGTCACGAG-1,10.426395,4.930691
TGGGATTGTACGATGG-1,-11.718577,-3.2761366
TGGGCGTAGTGGAATT-1,-0.17005923,9.007257
TGGGCGTCAAATTGCC-1,-4.7035,-0.5392245
TGGGCTGAGAGGGTCT-1,6.054772,-5.033002
TGGGCTGAGCGTTAGG-1,-8.881628,-1.9615084
TGGGCTGCATCCGATA-1,1.304099,7.8145027
TGGGCTGGTCGCGGTT-1,10.636464,4.563377
TGGGTTAGTATTGAGA-1,-8.753722,-1.8840895
TGGGTTAGTGCACGCT-1,-0.26012555,9.25406
TGGGTTATCAGTAGGG-1,-14.576702,-0.76854753
TGGTACACAAAGGGTC-1,4.4632206,-5.5826387
TGGTAGTCAGGCATGA-1,5.9675393,-6.1350985
TGGTAGTCATCACAGT-1,4.2697334,-5.467971
TGGTAGTTCCCTCATG-1,-14.832776,1.2782611
TGGTTAGTCAACCTTT-1,-5.65818,-0.4805127
TGTAACGGTTGCGTAT-1,-19.373352,-2.7098858
TGTACAGAGACTCGAG-1,-13.360412,-2.6890633
TGTACAGAGTGAGTTA-1,-14.146717,-1.3061227
TGTACAGGTGGATTTC-1,6.1228113,-6.159835
TGTAGACTCCATTTAC-1,-15.098931,-0.3109457
TGTCAGACAACTTGGT-1,6.1763463,-3.9941244
TGTCAGACACTCACTC-1,6.237047,-3.3286798
TGTCCACCAACTGGTT-1,9.496546,-0.23815274
TGTCCACTCGCTTACC-1,-9.100511,-4.1970506
TGTCCCAAGCTCCATA-1,6.2937164,-3.8084638
TGTCCCAAGGTCATAA-1,-0.16145726,9.248115
TGTCCCACATACTTTC-1,4.21498,-6.445971
TGTCCCAGTCAGGCAA-1,-14.902734,0.6578018
TGTCCCAGTCGGTGTC-1,-14.346591,-0.12957723
TGTCCTGGTACTTGTG-1,5.335936,-6.8248887
TGTCCTGGTTGGCTAT-1,-0.84579164,7.8991966
TGTCCTGTCGGCTATA-1,-2.9998279,-0.790224
TGTGATGAGCGACTGA-1,-0.7563004,9.130355
TGTGATGCATTCTCTA-1,6.539588,-4.088687
TGTGCGGGTCGTCGGT-1,10.042337,4.650071
TGTGCGGTCACATACG-1,-14.265278,-2.6448057
TGTGGCGTCGTACCTC-1,-13.569025,1.9905491
TGTGTGATCTGACAGT-1,4.702833,-7.031151
TGTTCATAGCTGCCTG-1,-9.503702,-4.3143344
TGTTCATGTCCTGGGT-1,9.672762,-0.25744474
TGTTCCGCAAGTATAG-1,-0.63112813,7.974976
TGTTGAGCACAACGAG-1,-13.972605,0.09133825
TGTTGAGTCTCGACCT-1,0.65854305,8.1313
TGTTTGTGTGGAAATT-1,-13.181736,-2.3463066
TTAATCCAGCTACTAC-1,-14.5874815,-2.1605983
TTACAGGGTGATTCTG-1,9.446871,2.06982
TTACCGCGTCCGAAAG-1,-8.658027,-1.9001197
TTACGCCCACGTCGTG-1,-14.694921,0.1108419
TTACGCCTCAATGCAC-1,3.623927,-5.0132866
TTACGTTGTTTACGAC-1,6.711135,-2.2882786
TTACGTTTCTCGCTTG-1,4.489421,-4.850741
TTACTGTCATACATCG-1,0.13424893,7.82148
TTACTGTGTAAGAACT-1,-14.722611,1.2790341
TTACTGTGTTAAGGGC-1,0.9217822,8.796655
TTAGGGTCAGGTCAGA-1,-3.5458121,-0.33721042
TTAGGGTGTCACATTG-1,9.302563,-0.07190384
TTAGTCTCACGTATAC-1,3.7401924,-5.7524533
TTATTGCCAAACGGCA-1,0.9437448,8.713191
TTATTGCGTACGTAGG-1,-13.096381,-0.6864931
TTATTGCGTCAACACT-1,10.822074,4.592635
TTATTGCGTGTCTTCC-1,-14.609661,1.0312613
TTCACCGCAGCCCAGT-1,0.3013207,7.871701
TTCACGCGTTAAGTCC-1,6.9417973,-2.1473942
TTCACGCTCTATCCAT-1,4.6898518,-4.025306
TTCAGGAAGATTGGGC-1,4.318995,-7.070529
TTCAGGAGTCTACAAC-1,0.53700936,8.444239
TTCATGTAGGTCATAA-1,6.220809,-4.700587
TTCATTGGTACGAAAT-1,-3.4673784,-0.7805599
TTCCACGAGGAAGTGA-1,-4.0712533,-0.6345267
TTCCACGGTCAACACT-1,1.2308453,9.412252
TTCCGTGCACTCACTC-1,3.9873817,-5.9028378
TTCCGTGGTTCCAGGC-1,1.1896162,8.803206
TTCCTAAGTGACGTCC-1,-19.375507,-2.7275698
TTCCTCTGTACCTGTA-1,-12.110672,-1.7817549
TTCCTTCAGCCTCAAT-1,-5.865229,-0.29480553
TTCCTTCAGGTAGTCG-1,-13.960348,1.7236862
TTCCTTCAGTAGTCAA-1,5.9751577,-2.8661776
TTCCTTCGTGACACGA-1,-15.216298,-1.0099232
TTCGATTTCTGACCCT-1,-19.43544,-2.7783976
TTCGCTGAGGGTTAGC-1,-9.322237,-4.3282595
TTCGCTGAGGTTCCGC-1,-2.367818,-0.4339054
TTCGCTGCACTAGTAC-1,-0.6865464,7.7778406
TTCGCTGTCGGACTGC-1,4.3746595,-7.3844886
TTCTCTCGTATCGTAC-1,5.892216,-3.661048
TTCTTGAGTCTTGCTC-1,-14.939491,1.1769847
TTGACCCGTCTCGGGT-1,9.49987,0.57759607
TTGACCCTCGTAGTGT-1,7.8302917,-1.980943
TTGATGGCATAAGATG-1,-0.4297191,8.785202
TTGATGGTCGCTAAAC-1,-5.1190324,-0.44374827
TTGCATTGTGCCTTCT-1,-10.108213,-9.47076
TTGCCTGAGAGTGACC-1,-15.111532,-1.6919068
TTGCCTGAGTGGAAAG-1,-15.043953,-1.0762284
TTGCCTGGTAGCTGCC-1,-12.195692,-2.1040287
TTGCTGCCATTGCCGG-1,-8.595271,-1.9603482
TTGGGATCAACGGGTA-1,9.677789,2.5945868
TTGGGATTCAGGAAGC-1,-10.933171,-2.1331887
TTGGGATTCTCTCTAA-1,-15.006941,-0.37473002
TTGGGCGCACGGTGAA-1,6.6574674,-3.475446
TTGGGCGGTCGGAAAC-1,-0.2674245,7.4991875
TTGGGTAGTGCTAGCC-1,-14.805314,-1.06915
TTGGGTATCACCGACG-1,-13.552324,1.7146488
TTGGTTTCACTGGATT-1,10.07411,3.113088
TTGTGGATCTAAGAAG-1,4.9667025,-5.842582
TTGTGTTGTGTGTCCG-1,5.075706,-7.046023
TTGTTCACACTTGTGA-1,-10.099831,-4.161068
TTGTTCACAGTCGCTG-1,-12.775336,-1.6893744
TTGTTCATCTTTACAC-1,-13.717882,1.8201958
TTGTTTGAGGTCGACA-1,4.662163,-7.409774
TTGTTTGTCCAACCGG-1,-13.429877,2.0791035
TTTACTGTCACGGGAA-1,-0.07217032,7.1387553
TTTATGCCAGTGGCTC-1,-5.8548837,-0.20833288
TTTATGCGTAACATAG-1,7.477384,-3.3259227
TTTATGCGTTGATCGT-1,1.6528871,9.411414
TTTATGCTCACTCGAA-1,-5.4151826,-0.5661432
TTTCACATCGACGCTG-1,-9.800816,-3.9060218
TTTCACATCTCAGGCG-1,-0.23801441,8.462992
TTTCATGGTGCCTAAT-1,1.4273819,9.6969795
TTTCATGTCACTCACC-1,-12.929147,-1.3558309
TTTCCTCCACAGAGCA-1,-0.28852388,7.241968
TTTCCTCTCCTACACC-1,6.4998593,-2.3395944
TTTCCTCTCTCTTGCG-1,-8.39062,-1.9775014
TTTGATCTCTTTGGAG-1,6.7152514,-4.4877067
TTTGGTTAGTAACCTC-1,3.9381073,-4.705732
TTTGGTTGTAGAATAC-1,-12.874853,-1.2517978
TTTGTTGCAATTAGGA-1,-0.6465988,8.017756
